id;name;created;image;image_content_type;description;url
1;ADP Mountain Metal;2021-02-10T12:48:13;../fake-data/blob/hipster.png;image/png;Markets;http://rahsaan.name
2;Chief Direct Security;2021-02-11T09:49:31;../fake-data/blob/hipster.png;image/png;Lebanon;http://alysha.net
3;Sleek Macao;2021-02-10T13:37:24;../fake-data/blob/hipster.png;image/png;Mouse;https://jameson.net
4;compress Toys Auto Loan Account;2021-02-11T10:01:41;../fake-data/blob/hipster.png;image/png;Park Assurance Savings Account;http://gage.org
5;Frozen Gorgeous Hat;2021-02-10T13:44:20;../fake-data/blob/hipster.png;image/png;Intranet;https://consuelo.org
6;Manors users olive;2021-02-11T04:53:37;../fake-data/blob/hipster.png;image/png;array;http://caterina.net
7;algorithm;2021-02-11T00:54:30;../fake-data/blob/hipster.png;image/png;payment;http://lizzie.biz
8;Avon user-centric;2021-02-11T05:30:14;../fake-data/blob/hipster.png;image/png;payment;https://vergie.org
9;middleware;2021-02-10T16:23:10;../fake-data/blob/hipster.png;image/png;Granite COM Electronics;http://gladys.com
10;bleeding-edge mission-critical Mountain;2021-02-11T04:25:41;../fake-data/blob/hipster.png;image/png;panel;http://helen.info
